latitude,longitude,bright_ti4,scan,track,acq_date,acq_time,satellite,instrument,confidence,version,bright_ti5,frp,daynight
7.90289,100.16927,348.91,0.41,0.37,2026-08-12,646,N21,VIIRS,n,2.0NRT,296.3,20.9,D
7.90343,100.17295,334.92,0.41,0.37,2026-08-12,646,N21,VIIRS,n,2.0NRT,297.1,5.14,D
8.19627,99.99397,332.59,0.41,0.37,2026-08-12,646,N21,VIIRS,n,2.0NRT,296.58,6.2,D
8.20125,100.0044,332.55,0.41,0.37,2026-08-12,646,N21,VIIRS,n,2.0NRT,298.01,3.15,D
8.23367,100.0369,333.2,0.41,0.37,2026-08-12,646,N21,VIIRS,n,2.0NRT,298.04,3.76,D
7.95897,100.08809,347.91,0.46,0.39,2026-08-13,627,N21,VIIRS,l,2.0NRT,296.08,27.32,D
7.96188,100.08341,350.01,0.46,0.39,2026-08-13,627,N21,VIIRS,n,2.0NRT,298.04,12.47,D
7.96254,100.08752,345.09,0.46,0.39,2026-08-13,627,N21,VIIRS,l,2.0NRT,302.1,63.2,D
7.96478,100.07872,333.64,0.46,0.39,2026-08-13,627,N21,VIIRS,n,2.0NRT,295.39,12.47,D
7.96545,100.08285,352.76,0.46,0.39,2026-08-13,627,N21,VIIRS,l,2.0NRT,299.66,12.47,D
7.96611,100.08695,351.22,0.46,0.39,2026-08-13,627,N21,VIIRS,l,2.0NRT,300.29,63.2,D
7.96902,100.08228,335.09,0.46,0.39,2026-08-13,627,N21,VIIRS,l,2.0NRT,296.88,9.21,D
8.19578,100.00099,345.06,0.46,0.39,2026-08-13,627,N21,VIIRS,l,2.0NRT,298.94,95.93,D
7.9251,100.12001,316.77,0.49,0.4,2026-08-13,1904,N21,VIIRS,n,2.0NRT,284.75,2.53,N
7.91682,100.11517,310.08,0.39,0.36,2026-08-14,1845,N21,VIIRS,n,2.0NRT,287.02,1.57,N
7.94064,100.09344,306.17,0.39,0.36,2026-08-14,1845,N21,VIIRS,n,2.0NRT,273.35,1.73,N
7.9435,100.11925,312.44,0.39,0.36,2026-08-14,1845,N21,VIIRS,n,2.0NRT,285.42,1.06,N
7.94453,100.09042,316.67,0.39,0.36,2026-08-14,1845,N21,VIIRS,n,2.0NRT,274.64,1.73,N
7.94677,100.09801,301.25,0.39,0.36,2026-08-14,1845,N21,VIIRS,n,2.0NRT,281.46,1.58,N
7.94683,100.11976,304.25,0.39,0.36,2026-08-14,1845,N21,VIIRS,n,2.0NRT,284.09,1.06,N
7.94962,100.1238,302.53,0.39,0.36,2026-08-14,1845,N21,VIIRS,n,2.0NRT,283.87,1.54,N
7.95017,100.12027,318.39,0.39,0.36,2026-08-14,1845,N21,VIIRS,n,2.0NRT,283.79,1.54,N
7.95295,100.12431,319.02,0.39,0.36,2026-08-14,1845,N21,VIIRS,n,2.0NRT,283.32,1.54,N
7.9535,100.12078,323.17,0.39,0.36,2026-08-14,1845,N21,VIIRS,n,2.0NRT,283.3,1.54,N
7.95683,100.12129,311,0.39,0.36,2026-08-14,1845,N21,VIIRS,n,2.0NRT,284.07,2.08,N
7.96126,100.11473,304,0.39,0.36,2026-08-14,1845,N21,VIIRS,n,2.0NRT,283.06,1.58,N
7.96181,100.11119,311.14,0.39,0.36,2026-08-14,1845,N21,VIIRS,n,2.0NRT,283,1.38,N
7.98254,99.2471,306.78,0.41,0.37,2026-08-14,1845,N21,VIIRS,n,2.0NRT,290.19,0.65,N
8.17737,100.27851,329.24,0.39,0.36,2026-08-14,1845,N21,VIIRS,n,2.0NRT,289.91,3.75,N